"Number of Records","Total Time (in s)"
100000 , 0.209150
100 , 0.005758
12500 , 0.020129
2500 , 0.003904
500 , 0.000909
62500 , 0.097401
90000 , 0.172162
