"Number of Records","Total Time (in s)"
100000 , 0.208755
100 , 0.003022
12500 , 0.021446
2500 , 0.004308
500 , 0.001011
62500 , 0.100728
90000 , 0.169959
