"Number of Records","Total Time (in s)"
100,0.005359
500,0.005336
2500,0.022450
12500,0.112135
62500,0.557132
90000,0.909539
100000,1.066950
