"Number of Records","Total Time (in s)"
100000 , 0.353720
100 , 0.003467
12500 , 0.044285
2500 , 0.006997
500 , 0.001484
62500 , 0.181538
90000 , 0.280943
