"Number of Records","Total Time (in s)"
100,0.005522
500,0.007918
2500,0.037537
12500,0.193498
62500,1.148063
90000,1.699031
100000,1.845843
