"Number of Records","Total Time (in s)"
100000 , 0.319008
100 , 0.003259
12500 , 0.038715
2500 , 0.006743
500 , 0.001435
62500 , 0.185668
90000 , 0.291369
